iteration,baseline_ms,ligtaslink_ms
1,0.255500,1.254000
2,0.284834,0.347417
3,0.266250,0.351333
4,0.259833,0.323917
5,0.256292,0.329583
6,0.271500,0.352959
7,0.257750,0.332250
8,0.251208,0.320792
9,0.248000,0.331625
10,0.262542,0.325917
11,0.264291,0.332167
12,0.303042,0.331917
13,0.264166,0.350625
14,0.305333,0.340083
15,0.335958,0.345750
16,0.260292,0.359625
17,0.253625,0.350792
18,0.254709,0.335000
19,0.270417,0.345167
20,0.256958,0.339958
21,0.270458,0.366000
22,0.288958,0.373750
23,0.328250,0.421042
24,0.270125,0.369041
25,0.255750,0.346750
26,0.269708,0.349791
27,0.254417,0.334667
28,0.255458,0.351334
29,0.273583,0.337583
30,0.261250,0.339125
31,0.271125,0.363458
32,0.255667,0.351042
33,0.253375,0.343667
34,0.261791,0.339375
35,0.277125,0.345250
36,0.264291,0.341292
37,0.260875,0.338458
38,0.249791,0.351125
39,0.274542,0.346042
40,0.257792,0.341875
41,0.261083,0.345875
42,0.273750,0.353708
43,0.252833,0.338709
44,0.267208,0.340541
45,0.253417,0.344333
46,0.302125,0.378625
47,0.267500,0.374000
48,0.295083,0.437500
49,0.263250,0.370416
50,0.282542,0.348750
51,0.261208,0.353459
52,0.269833,0.352458
53,0.265917,0.359959
54,0.266833,0.377667
55,0.290375,0.357291
56,0.269083,0.360334
57,0.291084,0.369292
58,0.257209,0.359500
59,0.270166,0.381500
60,0.269208,0.387500
61,0.255167,0.391166
62,0.267000,0.391292
63,0.271000,0.358250
64,0.279791,0.372750
65,0.268625,0.370042
66,0.267083,0.377458
67,0.253625,0.368333
68,0.262667,0.375333
69,0.279625,0.370750
70,0.257042,0.354417
71,0.269417,0.377375
72,0.271042,0.365666
73,0.262291,0.384375
74,0.278292,0.387666
75,0.291042,0.437292
76,0.292917,0.430292
77,0.294750,0.435000
78,0.284750,0.411625
79,0.269125,0.384333
80,0.298875,0.390875
81,0.286708,0.383333
82,0.260041,0.364292
83,0.300958,0.384792
84,0.270875,0.377208
85,0.262167,0.376292
86,0.258459,0.385292
87,0.262167,0.388125
88,0.268500,0.382875
89,0.300750,0.403375
90,0.279750,0.389750
91,0.285750,0.387333
92,0.280208,0.383042
93,0.273791,0.399375
94,0.263917,0.405458
95,0.265750,0.401166
96,0.293750,0.421000
97,0.258250,0.410666
98,0.281250,0.392000
99,0.301250,0.402000
100,0.272708,0.378958
101,0.260750,0.404125
102,0.306125,0.452125
103,0.315292,0.433416
104,0.315584,0.448583
105,0.344167,0.419792
106,0.331459,0.462375
107,0.298167,0.449875
108,0.296291,0.425334
109,0.279750,0.449458
110,0.312917,0.458209
111,0.297083,0.434625
112,0.318292,0.428791
113,0.332542,0.437959
114,0.287667,0.455875
115,0.308250,0.422792
116,0.282666,0.449458
117,0.266250,0.380292
118,0.270417,0.393209
119,0.257917,0.403500
120,0.256750,0.390459
121,0.251833,0.405250
122,0.267875,0.435250
123,0.261500,0.409500
124,0.268375,0.425916
125,0.266959,0.393208
126,0.278666,0.386583
127,0.258833,0.383667
128,0.274083,0.391833
129,0.259375,0.391000
130,0.279375,0.396375
131,0.259292,0.389375
132,0.252500,0.403542
133,0.253292,0.425458
134,0.256542,0.417750
135,0.256459,0.411750
136,0.294500,0.422167
137,0.279833,0.415667
138,0.274208,0.430250
139,0.270458,0.410250
140,0.284708,0.427000
141,0.274167,0.396042
142,0.274292,0.411625
143,0.281375,0.410583
144,0.264833,0.406708
145,0.272958,0.413458
146,0.282959,0.399167
147,0.302458,0.476708
148,0.305042,0.445500
149,0.279917,0.426458
150,0.268875,0.415000
151,0.275209,0.418250
152,0.271917,0.407208
153,0.268125,0.423583
154,0.270167,0.426542
155,0.273459,0.410250
156,0.279334,0.430084
157,0.265333,0.430625
158,0.262833,0.443917
159,0.252500,0.433709
160,0.285625,0.448166
161,0.306584,0.668125
162,0.286750,0.441041
163,0.280458,0.417875
164,0.274125,0.403833
165,0.267709,0.436042
166,0.254250,0.409667
167,0.263708,0.415250
168,0.261917,0.400125
169,0.270042,0.458125
170,0.269375,0.449333
171,0.291208,0.405125
172,0.277542,0.411542
173,0.275083,0.441542
174,0.278750,0.422083
175,0.262625,0.430916
176,0.258000,0.425791
177,0.260625,0.421750
178,0.313208,0.470667
179,0.277375,0.431167
180,0.279250,0.431084
181,0.284917,0.473916
182,0.292334,0.505042
183,0.283167,0.434084
184,0.297667,0.440125
185,0.254625,0.432208
186,0.272792,0.440042
187,0.277416,0.444000
188,0.338291,0.473167
189,0.316375,0.430375
190,0.306291,0.520167
191,0.291625,0.440875
192,0.311208,0.453125
193,0.302625,0.494250
194,0.304834,0.485667
195,0.287875,0.453250
196,0.275459,0.437792
197,0.279333,0.430959
198,0.282583,0.438250
199,0.279458,0.435250
200,0.265583,0.437083
201,0.282166,0.462459
202,0.286709,0.456917
203,0.277833,0.425959
204,0.274208,0.431208
205,0.276000,0.443792
206,0.277625,0.440500
207,0.278125,0.450709
208,0.283458,0.452583
209,0.281791,0.430459
210,0.284666,0.463333
211,0.283041,0.451959
212,0.272292,0.437833
213,0.272458,0.441209
214,0.279083,0.436958
215,0.289584,0.586625
216,0.356125,0.594834
217,0.326000,0.533250
218,0.337417,0.503792
219,0.353750,0.493541
220,0.316917,0.481834
221,0.313083,0.491708
222,0.324709,0.498167
223,0.311041,0.490042
224,0.284041,0.501417
225,0.318500,0.550916
226,0.345417,0.552667
227,0.356167,0.544833
228,0.332708,0.500334
229,0.299625,0.491625
230,0.288666,0.452459
231,0.293708,0.453084
232,0.273625,0.463250
233,0.270458,0.461667
234,0.278417,0.464500
235,0.263541,0.510875
236,0.293250,0.493750
237,0.302125,0.458875
238,0.275917,0.465250
239,0.283834,0.456542
240,0.294042,0.450167
241,0.292584,0.453333
242,0.295250,0.481916
243,0.285209,0.466333
244,0.275208,0.450500
245,0.280458,0.473917
246,0.304917,0.478375
247,0.264500,0.542250
248,0.287417,0.473833
249,0.273250,0.460875
250,0.283500,0.467541
251,0.273709,0.479542
252,0.265125,0.449666
253,0.302417,0.530125
254,0.300583,0.454291
255,0.275917,0.475292
256,0.273875,0.474000
257,0.284334,0.525583
258,0.304000,0.528500
259,0.284958,0.471250
260,0.281292,0.497334
261,0.305709,0.512833
262,0.276792,0.485958
263,0.254541,0.468333
264,0.320458,0.525125
265,0.284709,0.464750
266,0.298458,0.483834
267,0.258458,0.525166
268,0.278166,0.456875
269,0.286791,0.489208
270,0.291292,0.467334
271,0.309750,0.497166
272,0.283625,0.490458
273,0.332750,0.481959
274,0.297125,0.488417
275,0.281750,0.549750
276,0.282917,0.494292
277,0.309458,0.474417
278,0.314166,0.477875
279,0.294291,0.611959
280,0.306125,0.515458
281,0.322667,0.555042
282,0.319875,0.821375
283,0.351917,0.591125
284,0.290375,0.473583
285,0.282208,0.496041
286,0.278416,0.489917
287,0.276416,0.489166
288,0.293334,0.477125
289,0.285333,0.481000
290,0.274708,0.483583
291,0.263541,0.486458
292,0.280875,0.491959
293,0.268458,0.482042
294,0.285833,0.503500
295,0.306833,0.529375
296,0.284875,0.488208
297,0.274833,0.495542
298,0.298584,0.492916
299,0.303625,0.498625
300,0.317750,0.495541
301,0.274042,0.477458
302,0.297500,0.500459
303,0.281333,0.495083
304,0.286041,0.503583
305,0.291292,0.479750
306,0.292917,0.481083
307,0.317000,0.534250
308,0.289208,0.491833
309,0.277500,0.493667
310,0.314500,0.507042
311,0.319625,0.551417
312,0.315333,0.519209
313,0.281750,0.513917
314,0.374917,0.611458
315,0.297916,0.565417
316,0.328166,0.564708
317,0.321959,0.567083
318,0.328958,0.549458
319,0.323292,0.532916
320,0.295209,0.515208
321,0.278417,0.502792
322,0.287000,0.513000
323,0.288458,0.528500
324,0.302708,0.517083
325,0.272083,0.505083
326,0.300792,0.497792
327,0.292084,0.579833
328,0.319625,0.489833
329,0.295666,0.506625
330,0.306750,0.505000
331,0.290333,0.617875
332,0.340583,0.568917
333,0.354208,0.696875
334,0.333209,0.564042
335,0.387125,0.577625
336,0.366250,0.639833
337,0.330792,0.641292
338,0.359250,0.580500
339,0.321958,0.576375
340,0.318916,0.595792
341,0.309208,0.540209
342,0.313125,0.543917
343,0.314750,0.549042
344,0.322750,0.570666
345,0.309792,0.522125
346,0.294000,0.524125
347,0.290666,0.518834
348,0.289792,0.530542
349,0.268375,0.524541
350,0.285375,0.520041
351,0.291042,0.522334
352,0.310917,0.550042
353,0.275458,0.528042
354,0.533708,0.517709
355,0.267708,0.515625
356,0.289709,0.517625
357,0.290333,0.546958
358,0.290917,0.570000
359,0.291666,0.545542
360,0.272458,0.516291
361,0.311916,0.551292
362,0.318375,0.550000
363,0.300959,0.528916
364,0.281375,0.538041
365,0.268250,0.548666
366,0.296083,0.538542
367,0.353000,0.621709
368,0.300208,0.551500
369,0.294542,0.523375
370,0.307042,0.529750
371,0.287833,0.524459
372,0.311542,0.531084
373,0.314000,0.583458
374,0.312417,0.547542
375,0.297083,0.537417
376,0.303375,0.539542
377,0.291708,0.579292
378,0.305125,0.541625
379,0.298208,0.547458
380,0.312500,0.574917
381,0.292625,0.632959
382,0.296041,0.548917
383,0.290750,0.530875
384,0.317042,0.585542
385,0.284166,0.542250
386,0.292625,0.543417
387,0.285375,0.552000
388,0.302042,0.550584
389,0.292292,0.540959
390,0.280291,0.550166
391,0.341334,0.540791
392,0.290750,0.549000
393,0.280458,0.538875
394,0.320000,0.610375
395,0.284041,0.541291
396,0.341834,0.543000
397,0.312917,0.549916
398,0.331416,0.549625
399,0.276625,0.553583
400,0.299417,0.550417
401,0.327458,0.608292
402,0.290750,0.638250
403,0.321250,0.542375
404,0.336250,0.603375
405,0.336834,0.656625
406,0.315958,0.573292
407,0.339458,0.605750
408,0.327625,0.604750
409,0.307292,0.551875
410,0.359375,0.611000
411,0.343500,0.597833
412,0.289542,0.575417
413,0.264292,0.525958
414,0.287583,0.528875
415,0.291708,0.586917
416,0.279458,0.553250
417,0.299041,0.542792
418,0.292291,0.552041
419,0.277666,0.580125
420,0.296708,0.554542
421,0.270875,0.564333
422,0.269791,0.577792
423,0.301125,0.567292
424,0.280458,0.571000
425,0.283250,0.565292
426,0.290333,0.548250
427,0.271791,0.569000
428,0.288084,0.570292
429,0.285958,0.568334
430,0.314666,0.542333
431,0.264000,0.550125
432,0.315875,0.550250
433,0.274208,0.557583
434,0.575000,0.571750
435,0.284625,0.565250
436,0.285875,0.575958
437,0.282792,0.555250
438,0.304583,0.572292
439,0.264375,0.558833
440,0.288666,0.582667
441,0.273875,0.569875
442,0.301541,0.566041
443,0.282292,0.558125
444,0.301500,0.568958
445,0.292834,0.561542
446,0.293458,0.556833
447,0.336166,0.644125
448,0.338459,0.643875
449,0.351084,0.634625
450,0.338083,0.643250
451,0.372833,0.678709
452,0.310208,0.669625
453,0.347209,0.698708
454,0.316542,0.602666
455,0.310084,0.616541
456,0.331084,0.587750
457,0.309333,0.613875
458,0.316041,0.630000
459,0.312084,0.599208
460,0.281708,0.594375
461,0.271416,0.570625
462,0.296875,0.588458
463,0.287000,0.562083
464,0.294166,0.580750
465,0.294958,0.572833
466,0.293459,1.407083
467,0.267625,0.581417
468,0.300291,0.650208
469,0.285791,0.572209
470,0.320125,0.567000
471,0.289916,0.581084
472,0.298542,0.582459
473,0.267875,0.568625
474,0.291625,0.584459
475,0.281958,0.595667
476,0.274250,0.576750
477,0.287875,0.673333
478,0.276375,0.595125
479,0.281833,0.595125
480,0.313583,0.631750
481,0.295750,0.659417
482,0.335375,0.647166
483,0.274833,0.572625
484,0.306291,0.587416
485,0.282042,0.610000
486,0.281042,0.590416
487,0.295875,0.584667
488,0.313709,0.587125
489,0.277500,0.633667
490,0.379167,0.688625
491,0.338209,0.628459
492,0.335666,0.640500
493,0.285291,0.605792
494,0.324834,0.628167
495,0.277292,0.575333
496,0.302917,0.613208
497,0.293042,0.585125
498,0.292208,0.607292
499,0.274792,0.598208
500,0.328792,0.654541
501,0.375625,0.675541
502,0.288542,0.591709
503,0.268000,0.591000
504,0.305708,0.616792
505,0.286792,0.594375
506,0.282250,0.594958
507,0.275834,0.620500
508,0.295500,0.677083
509,0.291417,0.587458
510,0.338750,0.694958
511,0.300334,0.685333
512,0.328792,0.682625
513,0.303333,0.623834
514,0.290334,0.611292
515,0.294125,0.615500
516,0.276875,0.643250
517,0.312917,0.609167
518,0.278583,0.598792
519,0.318917,0.617916
520,0.341541,0.629833
521,0.311250,0.624167
522,0.271208,0.603541
523,0.324875,0.664375
524,0.332666,0.605041
525,0.289125,0.611208
526,0.296000,0.610208
527,0.285375,0.610708
528,0.298291,0.616542
529,0.275834,0.597333
530,0.298375,0.618208
531,0.280208,0.604167
532,0.297708,0.603000
533,0.295750,0.613292
534,0.326625,0.642834
535,0.318208,0.679583
536,0.279458,0.647917
537,0.283917,0.643667
538,0.285583,0.648916
539,0.276458,0.606291
540,0.273625,0.610917
541,0.319459,0.885208
542,0.326833,0.638292
543,0.314792,0.627333
544,0.279208,0.610791
545,0.275417,0.610583
546,0.304458,0.624625
547,0.275875,0.606375
548,0.309958,0.614708
549,0.295542,0.615000
550,0.298042,0.605667
551,0.311084,0.618417
552,0.284791,0.639708
553,0.289416,0.633625
554,0.302500,0.617500
555,0.287250,0.641250
556,0.279167,0.627333
557,0.292458,0.623459
558,0.271291,0.629375
559,0.282000,0.617708
560,0.269542,0.622084
561,0.305333,0.626708
562,0.341833,0.640250
563,0.341708,0.695583
564,0.320458,0.691291
565,0.313333,0.691250
566,0.314042,0.668917
567,0.318291,0.676917
568,0.310958,0.639125
569,0.327917,0.666417
570,0.331750,0.656750
571,0.314541,0.664042
572,0.317042,0.638917
573,0.278792,0.630833
574,0.268458,0.619375
575,0.282875,0.637542
576,0.293042,0.641333
577,0.267708,0.610792
578,0.285459,0.652542
579,0.328000,0.674292
580,0.289500,0.662208
581,0.305333,0.629500
582,0.275209,0.621042
583,0.313333,0.676917
584,0.276708,0.650917
585,0.276625,0.642000
586,0.309708,0.655666
587,0.292500,0.654417
588,0.328458,0.693250
589,0.322375,0.698542
590,0.321125,0.704625
591,0.284083,0.634083
592,0.281458,0.656000
593,0.296250,0.668917
594,0.317375,0.719458
595,0.285667,0.784333
596,0.285584,0.710208
597,0.269875,0.657125
598,0.283666,0.642416
599,0.285041,0.735000
600,0.264542,0.662167
601,0.273250,0.646042
602,0.323458,0.686000
603,0.280084,0.733250
604,0.276958,0.678958
605,0.272625,0.641958
606,0.265042,0.633917
607,0.284625,0.652875
608,0.305875,0.714334
609,0.269375,0.643500
610,0.281167,0.652458
611,0.297416,0.651459
612,0.356833,0.745542
613,0.363166,0.703375
614,0.286208,0.665875
615,0.280291,0.662834
616,0.281292,0.662125
617,0.296084,0.659292
618,0.296667,0.669500
619,0.269083,0.673958
620,0.308750,0.664708
621,0.297958,0.661333
622,0.298709,0.649875
623,0.280917,0.647000
624,0.291084,0.728875
625,0.290791,0.661333
626,0.284792,0.739833
627,0.291333,0.748792
628,0.280291,0.683083
629,0.348709,0.750916
630,0.305833,0.719250
631,0.302584,0.681500
632,0.293708,0.647042
633,0.308292,0.672333
634,0.274875,0.655916
635,0.277083,0.670500
636,0.319125,0.740250
637,0.349500,0.710958
638,0.288417,0.684042
639,0.286667,0.699292
640,0.289125,0.681916
641,0.298208,0.659875
642,0.294250,0.669333
643,0.280667,0.668041
644,0.314333,0.661917
645,0.288541,0.655291
646,0.381125,0.739167
647,0.337709,0.716166
648,0.293666,0.672292
649,0.347041,0.802833
650,0.291625,0.677250
651,0.310291,0.677708
652,0.295459,0.679167
653,0.300084,0.674541
654,0.281209,0.685667
655,0.285208,0.668833
656,0.290708,0.681084
657,0.320208,0.716375
658,0.281958,0.662208
659,0.282875,0.662750
660,0.330125,0.688333
661,0.326000,0.721125
662,0.291042,0.669208
663,0.319542,0.740708
664,0.346166,0.729000
665,0.298084,0.696791
666,0.364833,0.732667
667,0.376083,0.758708
668,0.298375,0.741416
669,0.285208,0.685500
670,0.290083,0.707875
671,0.298208,0.675542
672,0.293750,0.703333
673,0.288834,0.686750
674,0.304709,0.691167
675,0.296125,0.682625
676,0.311084,0.725750
677,0.280292,0.784750
678,0.335917,0.739834
679,0.347459,0.860583
680,0.383500,0.776709
681,0.354084,0.854125
682,0.351875,0.848500
683,0.323334,0.787458
684,0.317625,0.850708
685,0.341250,0.723375
686,0.371416,0.723541
687,0.313000,0.752250
688,0.315083,0.718792
689,0.284917,0.703791
690,0.315250,0.704792
691,0.300208,0.723459
692,0.304709,0.703167
693,0.272583,0.701208
694,0.319166,0.683917
695,0.291458,0.685083
696,0.297875,0.687125
697,0.282625,0.711250
698,0.293625,0.683792
699,0.279458,0.691250
700,0.281875,0.685584
701,0.277334,0.683292
702,0.261750,0.684166
703,0.362875,0.738250
704,0.293708,0.701792
705,0.284292,0.699625
706,0.294750,0.719625
707,0.284541,0.691584
708,0.368042,0.731667
709,0.287542,0.778334
710,0.316708,0.708292
711,0.282708,0.733458
712,0.287042,0.715792
713,0.283334,0.793916
714,0.277916,0.701000
715,0.291417,0.718959
716,0.283917,0.705667
717,0.295375,0.718583
718,0.297459,0.699458
719,0.278000,0.733208
720,0.288459,0.765334
721,0.339667,0.760917
722,0.279291,0.706833
723,0.298000,0.708792
724,0.292833,0.715791
725,0.323667,0.810375
726,0.304708,0.705708
727,0.297584,0.749750
728,0.323375,0.809334
729,0.309667,0.728084
730,0.295333,0.724708
731,0.291917,0.735000
732,0.281208,0.742167
733,0.286459,0.721625
734,0.288584,0.729208
735,0.306500,0.708667
736,0.281125,0.723417
737,0.347417,0.728208
738,0.332458,0.728959
739,0.303084,0.717625
740,0.271875,0.712541
741,0.313167,0.721875
742,0.281375,0.713083
743,0.342750,0.747917
744,0.338625,0.765000
745,0.292834,0.743583
746,0.332291,0.725583
747,0.290542,0.734459
748,0.293583,0.713625
749,0.293792,0.739583
750,0.288208,0.724916
751,0.284042,0.751958
752,0.340375,0.743333
753,0.296375,0.724417
754,0.283625,0.716417
755,0.290375,0.725666
756,0.327791,0.721417
757,0.291625,0.721458
758,0.268500,0.714500
759,0.285583,0.756250
760,0.264459,0.763541
761,0.328083,0.791583
762,0.304291,0.738916
763,0.289458,0.727333
764,0.292292,0.757916
765,0.344167,0.736458
766,0.327000,0.758125
767,0.296750,0.731666
768,0.312375,0.727875
769,0.280083,0.726417
770,0.281666,0.736208
771,0.292208,0.745125
772,0.286917,0.736166
773,0.284875,0.722042
774,0.309333,0.746666
775,0.293833,0.832500
776,0.291250,0.738083
777,0.332334,0.786708
778,0.285959,0.749583
779,0.267042,0.736375
780,0.282792,0.724292
781,0.284875,0.759792
782,0.298458,0.728000
783,0.297833,0.752458
784,0.281500,0.737334
785,0.288833,0.735708
786,0.281833,0.742500
787,0.272292,0.743083
788,0.289917,0.747917
789,0.279167,0.743583
790,0.291750,0.746542
791,0.284667,0.757833
792,0.305666,0.803958
793,0.289417,0.741542
794,0.344708,0.796625
795,0.405875,0.862250
796,0.343750,0.809333
797,0.432792,0.780667
798,0.318208,0.781458
799,0.320584,0.787375
800,0.323084,0.762583
801,0.321417,0.780208
802,0.300125,0.771750
803,0.372708,0.907458
804,0.307541,0.754958
805,0.292958,0.761083
806,0.329292,0.782542
807,0.283750,0.758542
808,0.278500,0.760291
809,0.298625,0.748875
810,0.298666,0.812458
811,0.311125,0.782458
812,0.295125,0.768167
813,0.268791,0.761542
814,0.291959,0.804958
815,0.278417,0.844417
816,0.313250,0.740875
817,0.264292,0.745583
818,0.289083,0.735709
819,0.264708,0.756000
820,0.292208,0.760791
821,0.269042,0.756875
822,0.290125,0.819792
823,0.267458,0.754667
824,0.290750,0.802583
825,0.287625,0.764917
826,0.333875,0.808000
827,0.284500,0.737666
828,0.269375,0.748667
829,0.302792,0.808625
830,0.299000,0.848416
831,0.284583,0.752333
832,0.279958,0.750042
833,0.286625,0.776459
834,0.282750,0.748875
835,0.259916,0.773666
836,0.284708,0.764166
837,0.272375,0.869416
838,0.342542,0.850000
839,0.309583,0.781917
840,0.295542,0.772625
841,0.273041,0.784584
842,0.290916,0.771791
843,0.322209,0.805750
844,0.303417,1.239792
845,0.303458,0.788875
846,0.279250,0.776917
847,0.292000,0.782041
848,0.293834,0.754750
849,0.283583,0.770709
850,0.276708,0.772292
851,0.289166,0.744333
852,0.310541,0.767375
853,0.263292,0.771333
854,0.302875,0.761209
855,0.290709,0.767541
856,0.294458,0.797917
857,0.340625,0.787083
858,0.281625,0.904250
859,0.285250,0.814167
860,0.285083,0.844167
861,0.286709,0.797500
862,0.286875,0.874125
863,0.275208,0.798458
864,0.301833,0.796667
865,0.282334,0.782333
866,0.281792,0.784625
867,0.283416,0.824958
868,0.306959,0.909583
869,0.322208,0.793666
870,0.294667,0.779459
871,0.289209,0.773041
872,0.283041,0.785458
873,0.373959,0.844167
874,0.293583,0.809333
875,0.335834,0.891583
876,0.335042,0.803167
877,0.341459,0.786750
878,0.294750,0.777917
879,0.336291,0.785417
880,0.349541,0.789500
881,0.287083,0.778458
882,0.369041,0.818459
883,0.296125,0.795417
884,0.298084,0.825958
885,0.284250,0.806292
886,0.348500,0.770834
887,0.279250,0.817209
888,0.350833,0.827709
889,0.298166,0.798667
890,0.300541,0.811291
891,0.272958,0.792625
892,0.293292,0.797042
893,0.289500,0.787625
894,0.297958,0.795833
895,0.276084,0.788541
896,0.290417,0.801000
897,0.300875,0.831209
898,0.292417,0.795083
899,0.280250,0.807000
900,0.296000,0.779375
901,0.304916,0.825583
902,0.293958,0.814125
903,0.373125,0.841042
904,0.347625,0.853542
905,0.297875,0.791541
906,0.281459,0.793000
907,0.278416,0.804417
908,0.282375,0.779917
909,0.346667,0.852125
910,0.334375,0.851042
911,0.342833,0.892500
912,0.311458,0.868625
913,0.348417,0.911125
914,0.344541,0.860042
915,0.311125,0.919584
916,0.311292,0.820542
917,0.291208,0.830083
918,0.297000,0.807167
919,0.315250,0.890250
920,0.335792,0.849375
921,0.342208,0.859542
922,0.349084,0.859209
923,0.275333,0.804209
924,0.286292,0.803000
925,0.305667,0.864875
926,0.309375,0.814792
927,0.293500,0.803458
928,0.291417,0.817542
929,0.347042,0.863208
930,0.293625,0.807250
931,0.271500,0.802875
932,0.345375,0.885125
933,0.344292,0.902166
934,0.338416,0.870875
935,0.315709,0.870583
936,0.295250,0.817750
937,0.345458,0.828958
938,0.281584,0.814417
939,0.317750,0.893750
940,0.285458,0.802667
941,0.367792,0.861958
942,0.274750,0.811292
943,0.284916,0.867417
944,0.322625,0.908333
945,0.341291,0.885042
946,0.343417,0.938792
947,0.291791,0.812417
948,0.285000,0.827667
949,0.287750,0.817000
950,0.304000,0.840209
951,0.359333,0.889250
952,0.310041,0.823666
953,0.283375,0.813292
954,0.303333,0.848875
955,0.289334,0.859209
956,0.286292,0.821333
957,0.288042,0.826041
958,0.300792,0.817042
959,0.295041,0.826333
960,0.279959,0.807250
961,0.285250,0.827125
962,0.345166,0.819458
963,0.334708,0.817500
964,0.300000,0.851250
965,0.321667,0.884250
966,0.290834,0.829125
967,0.308375,0.841834
968,0.303750,0.857958
969,0.279125,0.845583
970,0.306541,0.897750
971,0.329334,0.880000
972,0.294167,0.828292
973,0.301958,0.831625
974,0.293458,0.830792
975,0.284000,0.827917
976,0.297750,0.839041
977,0.306291,0.835250
978,0.298959,0.828167
979,0.295833,0.821917
980,0.288084,0.820834
981,0.295000,0.858167
982,0.293750,0.817791
983,0.296417,0.846666
984,0.328375,0.858167
985,0.300708,0.839041
986,0.287167,0.854667
987,0.290083,0.845917
988,0.313167,0.873875
989,0.285250,0.831125
990,0.342917,0.870500
991,0.329500,0.882541
992,0.305083,0.833916
993,0.277167,0.843667
994,0.275416,0.904916
995,0.284625,0.844250
996,0.284541,0.852291
997,0.275750,0.849500
998,0.293292,0.844167
999,0.327125,0.852167
1000,0.304125,0.835542
